{"val_acc_mean": 0.8947368421052632, "test_acc_mean": 0.8947368421052632, "val_acc_std": NaN, "test_acc_std": NaN}