,seed,val_acc,test_acc
0,0,0.8947368421052632,0.8421052631578947
